[
    {
        "Author": "aiczk",
        "Name": "Cookie",
        "Description": "A plugin that adds icons to player names in chat logs.",
        "InternalName": "Cookie",
        "IconUrl": "https://github.com/aiczk/Cookie/raw/main/Resource/cookie.png",
        "AssemblyVersion": "1.2.0.1",
        "RepoUrl": "https://github.com/aiczk/Cookie",
        "ApplicableVersion": "any",
        "DalamudApiLevel": 6,
        "CategoryTags": [
            "UI"
        ],
        "IsHide": false,
        "IsTestingExclusive": false,
        "DownloadLinkInstall": "https://github.com/aiczk/Cookie/raw/main/Resource/latest.zip",
        "DownloadLinkTesting": "https://github.com/aiczk/Cookie/raw/main/Resource/latest.zip",
        "DownloadLinkUpdate": "https://github.com/aiczk/Cookie/raw/main/Resource/latest.zip"
    }
]
