{
  "Author": "aiczk",
  "Name": "Cookie",
  "InternalName": "Cookie",
  "AssemblyVersion": "1.0.0.0",
  "Description": "A plugin that adds an icon to the player name and message in the chat log.",
  "ApplicableVersion": "any",
  "RepoUrl": "https://github.com/aiczk/Cookie",
  "CategoryTags": [
    "UI"
  ],
  "DalamudApiLevel": 6,
  "LoadPriority": 0,
  "ImageUrls": [
    "https://github.com/aiczk/Cookie/raw/main/Resource/plogon.png",
    "https://github.com/aiczk/Cookie/raw/main/Resource/partychat.png"
  ],
  "IconUrl": "https://github.com/aiczk/Cookie/raw/main/Resource/cookie.png",
  "Punchline": "Emoji (built-in only) are supported."
}